EUW1_6835690099,41.9167,RED,BLUE,6,RED,0
EUW1_6835777630,29.7167,BLUE,RED,4,BLUE,0
EUW1_6835830547,25.7167,RED,RED,3,RED,0
EUW1_6836341241,26.2167,BLUE,BLUE,2,None,0
EUW1_6836711206,34.1833,BLUE,BLUE,4,BLUE,0
EUW1_6846093759,28.7167,RED,RED,4,RED,1
EUW1_6864425042,26.7833,BLUE,RED,4,BLUE,0
EUW1_6865044348,23.1667,BLUE,RED,4,BLUE,0
EUW1_6865362541,30.1,RED,RED,4,BLUE,0
EUW1_6866232985,32.9,BLUE,BLUE,5,BLUE,0
EUW1_6866267709,26.1,BLUE,BLUE,4,BLUE,0
EUW1_6866292846,35.6833,RED,RED,5,RED,0
EUW1_6872775150,4.41667,BLUE,None,0,None,1
EUW1_6872799549,29.1833,RED,RED,3,RED,1
EUW1_6872833395,28.25,RED,RED,4,RED,0
EUW1_6873514684,26.8167,RED,RED,4,RED,0
EUW1_6873554873,33.0667,BLUE,RED,4,None,0
EUW1_6873655860,22.45,RED,RED,3,RED,0
EUW1_6874190678,42.55,BLUE,BLUE,5,RED,0
EUW1_6874252236,30.0667,RED,BLUE,5,None,0
EUW1_6874924125,1.76667,BLUE,None,0,None,0
EUW1_6876239358,29.8,RED,RED,4,RED,0
EUW1_6876333309,28.5167,RED,RED,4,RED,1
EUW1_6876367518,25.5,RED,RED,4,None,1
EUW1_6876378055,38.4667,RED,RED,6,RED,0
EUW1_6897508620,25.45,RED,RED,2,RED,0
EUW1_6909098919,35.6333,BLUE,BLUE,5,BLUE,0
EUW1_6910433872,34.0667,BLUE,RED,5,BLUE,1
EUW1_6910502440,26.8333,RED,RED,4,None,0
EUW1_6910576936,23.8833,BLUE,RED,4,None,0
EUW1_6910631968,36.5,RED,RED,5,RED,0
EUW1_6910746988,25.25,BLUE,BLUE,3,BLUE,0
EUW1_6910782213,21.45,RED,BLUE,3,RED,1
EUW1_6910818099,29.25,BLUE,RED,4,BLUE,0
EUW1_6910858567,15.55,BLUE,BLUE,1,None,1
EUW1_6910869236,36.6167,RED,BLUE,6,RED,0
EUW1_6910906178,29.9833,RED,BLUE,5,None,0
EUW1_6911225937,15.25,RED,RED,2,None,1
EUW1_6911247582,35.05,RED,RED,5,BLUE,0
EUW1_6912312519,31.9167,RED,RED,5,RED,0
EUW1_6913679736,37.0333,BLUE,BLUE,5,BLUE,0
EUW1_6913758749,31.7667,RED,BLUE,4,RED,0
EUW1_6914957324,26.5667,BLUE,BLUE,3,BLUE,1
EUW1_6914998227,40.65,RED,RED,6,BLUE,0
EUW1_6916212924,31.4333,BLUE,BLUE,5,BLUE,0
EUW1_6916514953,24.5333,BLUE,BLUE,3,None,0
EUW1_6916529931,29.5167,BLUE,BLUE,4,BLUE,0
EUW1_6917652216,34.6,RED,BLUE,5,RED,1
EUW1_6917722843,30.5,RED,RED,4,RED,0
EUW1_6918066993,25.9667,RED,BLUE,3,RED,0
EUW1_6918238024,27.4,BLUE,BLUE,3,BLUE,1
EUW1_6919293067,15.75,BLUE,BLUE,1,None,1
EUW1_6919299240,26.1833,RED,BLUE,4,RED,0
EUW1_6919310343,19.75,BLUE,BLUE,2,None,0
EUW1_6919319379,31.2833,RED,BLUE,5,RED,0
EUW1_6920032840,29.9333,BLUE,RED,4,None,0
EUW1_6920327750,40.35,BLUE,RED,6,BLUE,0
EUW1_6921174928,28.9667,RED,BLUE,4,RED,0
EUW1_6921258281,26.9667,RED,RED,4,RED,1
EUW1_6921432632,47.6667,BLUE,RED,7,RED,0
EUW1_6921519536,34.6167,BLUE,BLUE,4,BLUE,0
EUW1_6921605637,19.0833,BLUE,BLUE,2,None,1
EUW1_6925774566,27.65,BLUE,BLUE,4,BLUE,0
EUW1_6925793018,15.4,RED,BLUE,1,None,1
EUW1_6927353120,30.1333,BLUE,RED,4,RED,0
EUW1_6927626176,34.15,BLUE,BLUE,5,None,0
EUW1_6927876315,33.35,BLUE,BLUE,4,BLUE,0
EUW1_6927933008,21.2,RED,RED,2,None,0
EUW1_6928497844,27.0333,RED,RED,4,RED,0
EUW1_6928536237,40.6667,BLUE,BLUE,6,BLUE,0
EUW1_6929259688,28.1333,BLUE,RED,4,None,0
EUW1_6929285988,33.7,RED,RED,5,RED,0
EUW1_6929744131,36.7667,RED,BLUE,5,BLUE,0
EUW1_6930380858,43.65,BLUE,RED,6,RED,0
EUW1_6930654589,24.7167,BLUE,RED,3,None,0
EUW1_6930880296,36.2833,BLUE,BLUE,5,BLUE,0
EUW1_6930901293,31.4333,RED,BLUE,5,RED,0
EUW1_6930916664,37.9,BLUE,BLUE,5,BLUE,0
EUW1_6930969841,34.5833,BLUE,BLUE,5,RED,0
EUW1_6930982053,31.6167,RED,BLUE,4,RED,0
EUW1_6931029563,29.85,RED,RED,4,None,0
EUW1_6931211290,28.15,BLUE,RED,4,BLUE,0
EUW1_6931277586,30.7333,BLUE,BLUE,4,BLUE,0
EUW1_6931388946,44.1167,RED,RED,7,RED,0
EUW1_6931562964,39.2167,BLUE,BLUE,5,BLUE,0
EUW1_6931602177,36.3833,RED,RED,5,RED,0
EUW1_6931623342,42.5833,BLUE,BLUE,5,BLUE,0
EUW1_6931625870,1.88333,RED,None,0,None,0
EUW1_6931938178,21.5667,RED,RED,2,None,0
EUW1_6932016486,36.3667,RED,RED,5,RED,0
EUW1_6932208399,17.8833,BLUE,RED,2,None,1
EUW1_6932254842,47.0333,RED,BLUE,6,BLUE,0
EUW1_6932302237,32.2667,BLUE,BLUE,3,BLUE,0
EUW1_6932659997,49.25,BLUE,RED,7,BLUE,0
EUW1_6932667960,2.85,BLUE,None,0,None,0
EUW1_6932675890,34.5167,BLUE,RED,5,RED,0
EUW1_6932778848,35.7833,BLUE,BLUE,5,BLUE,0
EUW1_6932840992,44.6,RED,BLUE,6,BLUE,0
EUW1_6933231592,30,RED,RED,5,RED,0
EUW1_6933301551,36.3833,RED,BLUE,6,BLUE,0
EUW1_6933848072,21.4167,RED,RED,2,None,0
EUW1_6934017814,20.6333,RED,BLUE,2,None,0
EUW1_6934032247,30.1667,BLUE,RED,3,BLUE,0
EUW1_6934128417,26.7833,RED,RED,4,RED,0
EUW1_6934172411,25.8333,BLUE,RED,3,BLUE,0
EUW1_6934184078,35.95,BLUE,RED,6,BLUE,0
EUW1_6934225479,23.5167,BLUE,RED,3,BLUE,0
EUW1_6934227278,26.75,RED,BLUE,3,RED,0
EUW1_6934268799,15.2,BLUE,BLUE,1,None,1
EUW1_6934341181,31.1,BLUE,RED,5,None,0
EUW1_6934351324,28.5667,BLUE,RED,4,None,1
EUW1_6934387171,42.7667,BLUE,RED,5,RED,0
EUW1_6934455823,29.4333,BLUE,BLUE,4,BLUE,0
EUW1_6934473205,31.1167,RED,RED,4,RED,0
EUW1_6934500172,22.7167,BLUE,RED,3,None,0
EUW1_6934560695,32.8167,BLUE,BLUE,4,BLUE,0
EUW1_6934604845,29.6667,RED,RED,4,RED,0
EUW1_6934658069,27.5333,RED,BLUE,4,RED,0
EUW1_6934708332,28.6833,BLUE,RED,4,BLUE,0
EUW1_6934738858,31,RED,BLUE,5,BLUE,0
EUW1_6934764724,38.6667,RED,BLUE,6,RED,0
EUW1_6934839335,38.6333,RED,RED,5,RED,0
EUW1_6934987145,24.3333,BLUE,BLUE,3,BLUE,0
EUW1_6935179957,16.5833,BLUE,BLUE,2,None,1
EUW1_6935205510,33.3167,BLUE,BLUE,4,RED,0
EUW1_6935366328,27.9333,RED,RED,3,RED,0
EUW1_6935447812,35.5333,BLUE,BLUE,5,RED,0
EUW1_6935498893,31.4167,BLUE,BLUE,4,RED,0
EUW1_6936112629,19.0667,RED,BLUE,2,None,1
EUW1_6936120869,27.6667,BLUE,RED,4,BLUE,0
EUW1_6936134263,28.6667,RED,RED,4,RED,0
EUW1_6936183235,29.3833,BLUE,BLUE,4,BLUE,1
EUW1_6936201680,31.2,RED,RED,4,RED,0
EUW1_6936227537,30.25,RED,RED,4,RED,0
EUW1_6936236269,26.2,RED,RED,4,RED,1
EUW1_6936265297,29.7167,BLUE,RED,4,RED,0
EUW1_6936299448,16.0333,BLUE,RED,2,None,1
EUW1_6936622201,31.9833,BLUE,BLUE,4,BLUE,0
EUW1_6936680609,26.65,BLUE,RED,3,None,0
EUW1_6936737668,22.8167,BLUE,RED,2,BLUE,0
EUW1_6936742403,29.9167,BLUE,BLUE,4,BLUE,0
EUW1_6936833184,43.9833,RED,RED,7,RED,0
EUW1_6936921480,26.05,RED,BLUE,4,RED,1
EUW1_6936965369,28.0333,BLUE,BLUE,4,None,0
EUW1_6936974079,32.5,BLUE,RED,5,BLUE,0
EUW1_6937019675,40.0833,BLUE,BLUE,6,RED,0
EUW1_6937025358,4.85,RED,None,0,None,1
EUW1_6937044841,25.2,RED,BLUE,3,None,0
EUW1_6937076560,24.7667,RED,RED,4,RED,0
EUW1_6937104635,31.4,RED,BLUE,5,RED,0
EUW1_6937133017,28.2167,RED,RED,3,RED,0
EUW1_6937200438,23.2,RED,RED,4,None,1
EUW1_6937201551,30.2833,BLUE,RED,4,BLUE,1
EUW1_6937205979,31.7833,RED,BLUE,4,RED,0
EUW1_6937215618,20.5167,BLUE,BLUE,2,None,0
EUW1_6937230174,37.5833,RED,RED,5,RED,0
EUW1_6937238340,39.5333,RED,RED,5,RED,0
EUW1_6937293929,30.5167,RED,RED,3,RED,0
EUW1_6937316162,26.2167,RED,BLUE,4,None,1
EUW1_6937331383,30.2667,BLUE,RED,4,BLUE,0
EUW1_6937342135,37.4667,RED,RED,5,RED,0
EUW1_6937342852,15.3833,RED,BLUE,2,None,1
EUW1_6937347229,2.28333,BLUE,None,0,None,0
EUW1_6937350072,36.15,BLUE,BLUE,5,RED,0
EUW1_6937356156,42.7333,BLUE,BLUE,6,BLUE,0
EUW1_6937376528,33.8667,BLUE,BLUE,5,None,0
EUW1_6937384511,30.7,RED,RED,4,RED,0
EUW1_6937402164,25.7167,BLUE,RED,4,BLUE,0
EUW1_6937404373,31.7833,BLUE,RED,5,BLUE,0
EUW1_6937423349,34.5667,RED,BLUE,5,BLUE,0
EUW1_6937476340,28.7167,BLUE,BLUE,3,BLUE,0
EUW1_6937513776,25.6333,BLUE,RED,3,BLUE,0
EUW1_6937515222,8.26667,RED,None,0,None,1
EUW1_6937551872,34.1833,RED,BLUE,4,BLUE,0
EUW1_6937561186,24.5667,BLUE,BLUE,4,None,1
EUW1_6937594284,15.4833,RED,RED,1,None,1
EUW1_6937595541,38.7667,BLUE,RED,4,RED,1
EUW1_6937600038,23.5,RED,RED,3,RED,0
EUW1_6937606015,31.9833,BLUE,RED,5,BLUE,0
EUW1_6937627752,23.2833,RED,RED,3,None,1
EUW1_6937637961,45.1167,RED,RED,6,RED,0
EUW1_6937681955,26.0333,RED,RED,2,RED,0
EUW1_6937717306,32.0667,BLUE,RED,4,BLUE,0
EUW1_6937769179,25.85,RED,BLUE,4,RED,0
EUW1_6937773311,37.4667,RED,RED,5,None,1
EUW1_6937777112,24.6667,RED,BLUE,3,RED,0
EUW1_6937829797,22.0167,RED,RED,3,RED,1
EUW1_6937851444,28.0333,RED,RED,4,None,0
EUW1_6937854133,21.6167,BLUE,RED,3,None,0
EUW1_6937888948,30.85,BLUE,BLUE,5,BLUE,0
EUW1_6937903341,23.0833,BLUE,BLUE,3,None,0
EUW1_6937916679,28.85,BLUE,RED,3,BLUE,0
EUW1_6937950005,34.4667,BLUE,RED,5,BLUE,0
EUW1_6937951442,36.4167,RED,BLUE,4,RED,0
EUW1_6938009148,45.2167,BLUE,BLUE,6,RED,0
EUW1_6938017213,36.0833,RED,RED,5,RED,0
EUW1_6938026756,28.7167,BLUE,BLUE,5,BLUE,1
EUW1_6938114674,34.8,RED,RED,5,RED,0
EUW1_6938188370,40.15,RED,BLUE,4,RED,0
EUW1_6938217192,32.35,BLUE,BLUE,4,BLUE,0
EUW1_6938240161,27.9833,BLUE,RED,4,None,0
EUW1_6938255423,27.2667,RED,RED,3,BLUE,0
EUW1_6938277036,40.85,BLUE,RED,6,RED,0
EUW1_6938326880,41.9667,RED,RED,7,BLUE,0
EUW1_6938436352,26.5333,RED,RED,4,None,1
EUW1_6938480447,28.6,RED,RED,4,None,0
EUW1_6938492382,29.2167,RED,RED,4,RED,0
EUW1_6938532725,33.2833,BLUE,RED,5,BLUE,0
EUW1_6938543124,45.4,RED,BLUE,7,RED,0
EUW1_6938560776,1.85,RED,None,0,None,0
EUW1_6938564359,24.45,BLUE,BLUE,3,None,0
EUW1_6938622473,25.9667,BLUE,RED,4,BLUE,0
EUW1_6938625718,29.7667,RED,BLUE,4,None,1
EUW1_6938640555,29.45,RED,RED,4,RED,0
EUW1_6938661831,24.5833,RED,RED,3,RED,0
EUW1_6938664828,36.4667,RED,RED,6,RED,0
EUW1_6938667674,30.85,RED,RED,3,RED,0
EUW1_6938677335,38.8333,BLUE,RED,6,BLUE,0
EUW1_6938686925,46.3333,RED,RED,7,BLUE,0
EUW1_6938695274,27.0333,RED,BLUE,4,RED,0
EUW1_6938712738,19.4,BLUE,BLUE,2,None,1
EUW1_6938717537,25.0333,RED,BLUE,4,RED,0
EUW1_6938731836,33.3167,BLUE,BLUE,5,BLUE,0
EUW1_6938739360,2.01667,BLUE,None,0,None,0
EUW1_6938746262,29.6333,RED,RED,4,RED,0
EUW1_6938756359,32.5,RED,RED,4,None,0
EUW1_6938761657,44.3167,BLUE,BLUE,7,RED,0
EUW1_6938776727,18.2833,BLUE,BLUE,2,None,1
EUW1_6938802120,19,RED,RED,2,None,1
EUW1_6938808463,22.1167,RED,RED,3,None,0
EUW1_6938813573,37.55,BLUE,RED,5,BLUE,0
EUW1_6938837165,33.45,BLUE,BLUE,5,BLUE,0
EUW1_6938838687,34.15,RED,RED,5,RED,0
EUW1_6938839092,28.7833,BLUE,BLUE,4,BLUE,0
EUW1_6938856357,22.0667,RED,RED,3,None,0
EUW1_6938896637,28.3667,BLUE,RED,3,BLUE,0
EUW1_6938901035,35.0667,BLUE,RED,5,BLUE,0
EUW1_6938904871,31.2167,RED,BLUE,5,None,0
EUW1_6938919448,33.4833,RED,RED,4,None,0
EUW1_6938931499,39.3333,BLUE,BLUE,5,BLUE,0
EUW1_6938943434,30.6667,BLUE,RED,4,BLUE,0
EUW1_6938967885,24.7167,BLUE,BLUE,3,BLUE,1
EUW1_6938999434,40.4667,RED,RED,6,BLUE,0
EUW1_6939015635,23.9333,BLUE,BLUE,3,None,1
EUW1_6939049444,31.35,BLUE,RED,4,None,0
EUW1_6939116331,32.7,BLUE,BLUE,4,BLUE,0
EUW1_6939255010,18.8,BLUE,RED,2,None,1
EUW1_6939257154,36,RED,RED,5,RED,0
EUW1_6939294366,29.8167,BLUE,BLUE,5,BLUE,0
EUW1_6939309698,33.7,RED,BLUE,4,RED,1
EUW1_6939311598,35.1667,RED,RED,5,RED,1
EUW1_6939312248,33.6167,BLUE,RED,4,BLUE,1
EUW1_6939317087,28.6,BLUE,RED,4,BLUE,0
EUW1_6939324946,25.0333,BLUE,BLUE,4,BLUE,1
EUW1_6939325408,26.2167,BLUE,RED,3,None,1
EUW1_6939346727,33.8167,RED,RED,5,RED,1
EUW1_6939356376,32.6667,RED,RED,3,RED,0
EUW1_6939372218,33.8167,RED,RED,5,RED,0
EUW1_6939375704,23.0333,RED,RED,3,RED,1
EUW1_6939376894,32.0167,RED,BLUE,5,None,1
EUW1_6939387076,42.1167,BLUE,BLUE,6,RED,0
EUW1_6939390094,28.05,BLUE,RED,3,None,0
EUW1_6939390832,32.1167,BLUE,BLUE,4,None,0
EUW1_6939411621,28.5333,BLUE,RED,4,BLUE,0
EUW1_6939417782,34.7333,BLUE,RED,5,BLUE,0
EUW1_6939424666,29.15,RED,RED,4,RED,0
EUW1_6939430610,34,BLUE,RED,5,BLUE,0
EUW1_6939454485,40.1833,RED,BLUE,6,RED,0
EUW1_6939456266,1.8,RED,None,0,None,0
EUW1_6939469920,38.3,BLUE,BLUE,5,RED,0
EUW1_6939473610,13.6667,RED,RED,1,None,1
EUW1_6939486138,15.6333,BLUE,RED,2,None,1
EUW1_6939503456,24.25,RED,RED,4,RED,1
EUW1_6939507100,34.5833,BLUE,RED,5,BLUE,0
EUW1_6939520901,25.95,BLUE,BLUE,3,BLUE,0
EUW1_6939522990,27.9333,BLUE,BLUE,4,None,0
EUW1_6939523077,43.55,BLUE,BLUE,6,BLUE,0
EUW1_6939536327,22.95,RED,BLUE,3,None,0
EUW1_6939557454,29.1333,BLUE,BLUE,4,BLUE,0
EUW1_6939559413,40.4667,RED,RED,6,BLUE,0
EUW1_6939565772,23.85,BLUE,BLUE,3,BLUE,0
EUW1_6939567482,16.65,BLUE,BLUE,2,None,1
EUW1_6939578539,22.7167,RED,RED,2,RED,0
EUW1_6939617606,34.7833,RED,RED,5,RED,0
EUW1_6939618286,22.1833,BLUE,RED,2,BLUE,0
EUW1_6939626741,24.2167,BLUE,RED,3,BLUE,0
EUW1_6939639929,27.8167,BLUE,BLUE,4,BLUE,0
EUW1_6939652182,40.4167,BLUE,BLUE,6,RED,0
EUW1_6939664872,30.2167,RED,RED,4,RED,0
EUW1_6939682148,10,RED,BLUE,1,None,1
EUW1_6939691226,30.4667,BLUE,BLUE,4,BLUE,0
EUW1_6939701337,29.2167,BLUE,BLUE,3,BLUE,0
EUW1_6939703938,34.7,BLUE,BLUE,5,RED,0
EUW1_6939707071,23.2833,BLUE,BLUE,3,BLUE,0
EUW1_6939714020,33.7833,BLUE,BLUE,4,BLUE,1
EUW1_6939717520,28.25,RED,RED,4,RED,0
EUW1_6939725925,35.75,RED,RED,5,RED,0
EUW1_6939739094,51.4167,RED,BLUE,8,RED,0
EUW1_6939749342,31.2333,BLUE,BLUE,4,BLUE,0
EUW1_6939757023,24.1667,BLUE,BLUE,3,BLUE,0
EUW1_6939757595,38.1167,BLUE,RED,5,RED,0
EUW1_6939757771,35.4833,RED,RED,5,RED,0
EUW1_6939767225,25.6333,RED,RED,3,RED,0
EUW1_6939769650,29.2333,BLUE,BLUE,3,BLUE,1
EUW1_6939770474,28.4333,RED,BLUE,4,RED,0
EUW1_6939771873,23.0833,RED,RED,3,None,0
EUW1_6939778326,27.7833,RED,RED,4,RED,0
EUW1_6939793201,26.4833,BLUE,BLUE,3,None,0
EUW1_6939799305,29.1667,BLUE,BLUE,4,RED,1
EUW1_6939801527,28.5833,RED,BLUE,4,None,0
EUW1_6939804208,39.5167,RED,RED,6,RED,0
EUW1_6939806043,18.85,RED,RED,2,None,1
EUW1_6939818535,30.1167,BLUE,RED,4,None,0
EUW1_6939819626,25.35,BLUE,RED,3,BLUE,0
EUW1_6939820115,27.6,RED,RED,4,BLUE,0
EUW1_6939825622,20.5333,RED,RED,3,None,1
EUW1_6939827727,31.2,RED,BLUE,4,RED,1
EUW1_6939827745,34.1,RED,BLUE,5,RED,0
EUW1_6939832408,24.1667,BLUE,BLUE,3,BLUE,0
EUW1_6939833715,31.35,BLUE,BLUE,5,BLUE,0
EUW1_6939835435,19.5667,RED,RED,2,None,0
EUW1_6939841994,26.9,RED,RED,2,None,0
EUW1_6939850631,27.8833,BLUE,BLUE,4,BLUE,0
EUW1_6939851039,31.0833,RED,RED,4,RED,0
EUW1_6939863831,35.45,BLUE,BLUE,4,RED,0
EUW1_6939870077,28.1,RED,RED,2,None,0
EUW1_6939870889,31.2667,BLUE,BLUE,5,BLUE,0
EUW1_6939874173,31.6667,BLUE,RED,5,None,0
EUW1_6939877900,22.5333,RED,RED,2,RED,0
EUW1_6939888391,40.3333,RED,BLUE,6,RED,1
EUW1_6939894922,28.7833,RED,RED,4,RED,0
EUW1_6939898159,16.75,BLUE,BLUE,2,None,1
EUW1_6939907733,30.0667,RED,BLUE,4,RED,0
EUW1_6939910158,21.5667,BLUE,RED,2,None,1
EUW1_6939914877,24.75,BLUE,BLUE,3,BLUE,1
EUW1_6939927040,31.6167,RED,RED,4,BLUE,0
EUW1_6939928290,29.8667,BLUE,BLUE,4,BLUE,0
EUW1_6939929170,39.6333,RED,RED,6,BLUE,0
EUW1_6939932962,28.9333,RED,BLUE,4,RED,0
EUW1_6939941319,34.1,RED,RED,5,RED,0
EUW1_6939945124,35.4333,RED,RED,5,RED,0
EUW1_6939953323,30.5833,RED,RED,4,RED,0
EUW1_6939965322,23.8,BLUE,RED,3,None,0
EUW1_6939966038,17.1667,BLUE,BLUE,2,None,1
EUW1_6939976690,21.1,RED,RED,2,None,1
EUW1_6939988287,31.25,BLUE,RED,4,RED,0
EUW1_6939992428,26.6833,BLUE,BLUE,4,None,0
EUW1_6939996086,33.7333,BLUE,BLUE,5,BLUE,0
EUW1_6939998677,19.75,BLUE,RED,2,None,1
EUW1_6940006620,31.15,RED,BLUE,4,None,0
EUW1_6940028996,44.7333,BLUE,RED,7,BLUE,0
EUW1_6940032125,33,BLUE,BLUE,4,BLUE,0
EUW1_6940043485,25.35,BLUE,BLUE,2,None,0
EUW1_6940051800,37.4167,RED,RED,5,RED,0
EUW1_6940065434,31.8333,RED,RED,4,RED,1
EUW1_6940073403,29.8667,RED,RED,4,RED,0
EUW1_6940076629,4.26667,RED,None,0,None,1
EUW1_6940079775,20.25,RED,RED,2,None,0
EUW1_6940089400,30.8667,RED,RED,4,RED,1
EUW1_6940090299,27.8667,BLUE,BLUE,3,BLUE,0
EUW1_6940092277,40.9333,BLUE,RED,6,RED,0
EUW1_6940094455,38.7667,BLUE,RED,6,BLUE,0
EUW1_6940119380,15.2333,RED,RED,2,None,1
EUW1_6940148817,42.3333,BLUE,BLUE,6,RED,1
EUW1_6940155239,25.9,BLUE,BLUE,3,BLUE,0
EUW1_6940164871,29.5833,BLUE,RED,4,BLUE,0
EUW1_6940180328,30.6333,RED,RED,4,RED,0
EUW1_6940187921,40.4667,RED,BLUE,5,RED,0
EUW1_6940190748,2.33333,BLUE,None,0,None,0
EUW1_6940198560,39.9,BLUE,RED,6,BLUE,0
EUW1_6940211780,33.7167,BLUE,BLUE,5,None,0
EUW1_6940213050,28.6833,RED,RED,4,None,1
EUW1_6940217127,20.45,RED,RED,2,None,1
EUW1_6940230399,30.7667,BLUE,BLUE,5,BLUE,0
EUW1_6940254515,26.25,RED,BLUE,2,None,1
EUW1_6940261105,39.15,BLUE,BLUE,6,RED,0
EUW1_6940264019,1.83333,BLUE,None,0,None,0
EUW1_6940266159,37.3,RED,RED,5,RED,0
EUW1_6940271175,16.6667,RED,RED,2,None,1
EUW1_6940287147,44.5667,BLUE,BLUE,7,BLUE,0
EUW1_6940303134,28.5667,BLUE,BLUE,3,BLUE,0
EUW1_6940327420,1.96667,RED,None,0,None,0
EUW1_6940327503,25.6,RED,RED,4,None,1
EUW1_6940345896,24.1833,RED,BLUE,3,None,0
EUW1_6940350230,26.1667,BLUE,BLUE,3,BLUE,0
EUW1_6940350715,1.83333,BLUE,None,0,None,0
EUW1_6940379019,16.2833,RED,RED,2,None,1
EUW1_6940379221,28.15,BLUE,BLUE,4,BLUE,0
EUW1_6940386405,21.1667,BLUE,RED,3,None,0
EUW1_6940388549,32.9667,BLUE,RED,5,BLUE,0
EUW1_6940406338,21.45,BLUE,BLUE,2,None,1
EUW1_6940407555,28.4667,RED,BLUE,4,RED,0
EUW1_6940412454,28.7333,BLUE,BLUE,3,BLUE,0
EUW1_6940413536,28.5833,BLUE,BLUE,4,BLUE,0
EUW1_6940417937,22.5333,BLUE,RED,2,BLUE,0
EUW1_6940425073,33.1333,BLUE,BLUE,4,RED,0
EUW1_6940427843,35.9167,BLUE,RED,5,BLUE,0
EUW1_6940438491,23.0167,BLUE,BLUE,3,None,1
EUW1_6940440974,30.2,RED,RED,4,None,1
EUW1_6940442554,21.2667,BLUE,BLUE,2,None,1
EUW1_6940444254,25.9833,RED,RED,3,RED,0
EUW1_6940449112,25.05,RED,RED,3,RED,0
EUW1_6940450172,27.35,RED,RED,3,RED,1
EUW1_6940453226,31.8167,BLUE,BLUE,4,BLUE,0
EUW1_6940453308,38.5833,RED,RED,6,RED,0
EUW1_6940454005,25.55,BLUE,BLUE,3,BLUE,0
EUW1_6940461570,24.9167,BLUE,BLUE,2,BLUE,0
EUW1_6940462094,27.5667,RED,RED,3,RED,0
EUW1_6940462144,22.55,RED,RED,3,RED,0
EUW1_6940464056,33.4,RED,BLUE,5,None,0
EUW1_6940465020,26.8833,RED,RED,4,RED,0
EUW1_6940465561,15.7167,BLUE,RED,2,None,1
EUW1_6940466114,29.2167,BLUE,BLUE,4,BLUE,1
EUW1_6940466952,23.3,BLUE,RED,3,BLUE,0
EUW1_6940471125,30.5167,RED,BLUE,4,RED,0
EUW1_6940472040,40.1,RED,BLUE,6,RED,0
EUW1_6940474726,24.55,BLUE,RED,3,None,0
EUW1_6940474828,32.1333,BLUE,RED,5,BLUE,0
EUW1_6940474935,26.6333,RED,RED,4,RED,1
EUW1_6940475387,28.3167,BLUE,RED,4,BLUE,1
EUW1_6940476457,21.1167,RED,RED,3,None,0
EUW1_6940477721,30.25,RED,RED,4,RED,0
EUW1_6940478035,27.35,BLUE,RED,3,RED,0
EUW1_6940478105,22.1667,RED,RED,2,RED,0
EUW1_6940480589,26.8167,RED,RED,4,RED,0
EUW1_6940481287,38.0833,RED,RED,6,BLUE,0
EUW1_6940481830,26.9167,BLUE,BLUE,4,BLUE,0
EUW1_6940482456,37.7,RED,RED,6,RED,0
EUW1_6940487223,15.8,RED,BLUE,1,None,1
EUW1_6940490469,32.8,BLUE,BLUE,5,BLUE,0
EUW1_6940494973,42.6667,BLUE,BLUE,6,BLUE,0
EUW1_6940496783,2.28333,RED,None,0,None,0
EUW1_6940512452,28.5,BLUE,BLUE,4,BLUE,0
EUW1_6940514426,1.7,BLUE,None,0,None,0
EUW1_6940524288,26.4333,BLUE,RED,4,BLUE,0
EUW1_6940525284,18.7667,BLUE,BLUE,2,None,1
EUW1_6940553049,32.5333,RED,BLUE,4,RED,1
EUW1_6940571720,21.85,RED,RED,3,None,1
EUW1_6940580652,33.5167,RED,RED,5,BLUE,1
EUW1_6940592857,37.7667,RED,BLUE,5,RED,0
EUW1_6940598094,15.8667,BLUE,BLUE,2,None,1
EUW1_6940608959,26.8,RED,BLUE,3,RED,0
EUW1_6940615961,34.9333,RED,BLUE,6,None,0
EUW1_6940617518,22.6833,RED,RED,3,None,1
EUW1_6940618823,23.15,RED,RED,3,RED,0
EUW1_6940619740,42.8333,BLUE,RED,6,RED,0
EUW1_6940636804,29.9833,BLUE,BLUE,4,BLUE,0
EUW1_6940638296,34.0167,BLUE,BLUE,5,BLUE,0
EUW1_6940642639,20.5833,BLUE,BLUE,2,None,1
EUW1_6940650269,2.15,RED,None,0,None,0
EUW1_6940651196,28,BLUE,RED,4,BLUE,0
EUW1_6940656621,24.7167,BLUE,BLUE,3,BLUE,0
EUW1_6940660359,31.1,RED,BLUE,4,RED,0
EUW1_6940660625,35.65,RED,BLUE,4,BLUE,0
EUW1_6940665211,10.4833,RED,RED,1,None,1
EUW1_6940674902,27.1167,RED,BLUE,4,RED,0
EUW1_6940683934,23.1167,BLUE,RED,3,None,1
EUW1_6940701116,30.4167,RED,RED,4,RED,0
EUW1_6940708482,33.2167,BLUE,BLUE,4,BLUE,0
EUW1_6940715708,33.5,RED,RED,5,None,0
EUW1_6940723020,28.7833,RED,BLUE,4,RED,0
EUW1_6940725750,1.7,BLUE,None,0,None,0
EUW1_6940729665,26.9833,BLUE,BLUE,4,None,0
EUW1_6940731472,34.75,RED,BLUE,5,RED,0
EUW1_6940732197,27.8833,RED,BLUE,3,RED,0
EUW1_6940740403,29.2833,RED,BLUE,5,RED,0
EUW1_6940740733,23.0667,BLUE,RED,3,None,1
EUW1_6940745475,13.7833,BLUE,None,0,None,1
EUW1_6940751034,33.3667,RED,BLUE,4,RED,0
EUW1_6940754196,1.7,BLUE,None,0,None,0
EUW1_6940755244,31.9167,BLUE,RED,4,BLUE,0
EUW1_6940755832,39.7667,BLUE,BLUE,5,BLUE,0
EUW1_6940762569,1.76667,BLUE,None,0,None,0
EUW1_6940763186,23.15,RED,RED,3,None,0
EUW1_6940768300,33.1,RED,RED,4,RED,0
EUW1_6940769599,33.0167,RED,RED,4,RED,0
EUW1_6940775575,29.15,BLUE,BLUE,2,None,0
EUW1_6940778859,30.7167,RED,RED,4,BLUE,0
EUW1_6940797418,53.5667,BLUE,BLUE,7,BLUE,0
EUW1_6940806805,39.1833,BLUE,RED,5,BLUE,0
EUW1_6940810310,25.1333,BLUE,RED,3,None,0
EUW1_6940814750,42.1333,RED,BLUE,7,RED,0
EUW1_6940818961,26.2333,RED,RED,3,RED,0
EUW1_6940827000,22.2667,RED,RED,3,None,0
EUW1_6940837956,26.4667,RED,BLUE,4,RED,0
EUW1_6940860146,26.3833,BLUE,RED,4,BLUE,0
EUW1_6940862012,29.5833,RED,RED,4,RED,0
EUW1_6940862732,26.7667,RED,RED,3,RED,0
EUW1_6940865254,20.9833,RED,BLUE,3,None,1
EUW1_6940866307,24.5833,BLUE,BLUE,3,BLUE,0
EUW1_6940869658,37.6667,RED,RED,5,RED,0
EUW1_6940878259,32.9833,BLUE,RED,5,BLUE,0
EUW1_6940879676,15.8,BLUE,BLUE,1,None,1
EUW1_6940895291,16.1667,BLUE,RED,1,None,1
EUW1_6940905702,22.8167,BLUE,RED,3,BLUE,0
EUW1_6940911646,29.1333,BLUE,BLUE,4,None,0
EUW1_6940912530,46.8167,BLUE,RED,7,RED,1
EUW1_6940912611,19.3667,RED,RED,2,None,1
EUW1_6940921839,35.65,BLUE,RED,6,RED,0
EUW1_6940923242,31.1667,BLUE,RED,4,BLUE,0
EUW1_6940926094,42.5333,BLUE,RED,5,BLUE,0
EUW1_6940928295,28.0833,RED,BLUE,3,RED,0
EUW1_6940929206,33.1167,RED,BLUE,5,BLUE,0
EUW1_6940947314,21.3833,RED,RED,1,RED,0
EUW1_6940952470,25.0667,BLUE,BLUE,3,None,0
EUW1_6940959048,16.7833,RED,RED,2,None,1
EUW1_6940969974,30.15,BLUE,RED,4,BLUE,0
EUW1_6940975399,25.9833,RED,BLUE,2,None,0
EUW1_6940976011,33.8333,RED,RED,4,BLUE,1
EUW1_6940981785,26.8333,BLUE,BLUE,3,BLUE,0
EUW1_6940983549,32.6167,RED,BLUE,4,None,0
EUW1_6940988336,21.1667,RED,RED,2,None,0
EUW1_6940992701,24.1833,RED,RED,2,RED,0
EUW1_6940996249,27.05,RED,RED,4,RED,0
EUW1_6940997876,26.1167,RED,RED,3,None,0
EUW1_6940998614,44.25,BLUE,BLUE,6,BLUE,0
EUW1_6941001292,1.83333,RED,None,0,None,0
EUW1_6941011310,33.1667,BLUE,BLUE,5,BLUE,0
EUW1_6941017990,41.0667,BLUE,BLUE,6,RED,0
EUW1_6941023184,32.1167,BLUE,RED,4,RED,0
EUW1_6941031078,29.6167,BLUE,RED,5,RED,0
EUW1_6941032995,25.0333,BLUE,BLUE,3,None,0
EUW1_6941033936,33.0167,BLUE,RED,5,BLUE,0
EUW1_6941034606,27.65,BLUE,RED,4,RED,0
EUW1_6941041804,35.5667,BLUE,RED,4,RED,0
EUW1_6941045550,17.2167,BLUE,BLUE,2,None,1
EUW1_6941045616,29.8833,BLUE,BLUE,4,BLUE,0
EUW1_6941048935,37.4667,RED,BLUE,5,BLUE,0
EUW1_6941055558,20.7333,BLUE,RED,2,None,1
EUW1_6941058081,32.3833,RED,RED,4,RED,0
EUW1_6941060839,24.4667,BLUE,BLUE,3,BLUE,0
EUW1_6941068805,31.7833,BLUE,BLUE,4,BLUE,0
EUW1_6941069681,1.85,RED,None,0,None,0
EUW1_6941070530,33.3833,RED,BLUE,4,RED,0
EUW1_6941076392,28.3333,RED,BLUE,4,BLUE,0
EUW1_6941079201,23.2833,BLUE,RED,3,BLUE,0
EUW1_6941079558,28.65,RED,RED,4,RED,0
EUW1_6941085864,14.1833,RED,RED,1,None,1
EUW1_6941085932,1.81667,BLUE,None,0,None,0
EUW1_6941087398,33.7333,RED,RED,4,RED,0
EUW1_6941089847,25.5667,RED,BLUE,4,None,1
EUW1_6941095948,43.65,RED,BLUE,6,BLUE,0
EUW1_6941096870,16.8667,RED,None,0,None,1
EUW1_6941098244,30.9833,BLUE,BLUE,4,None,0
EUW1_6941100204,1.76667,RED,None,0,None,0
EUW1_6941110168,24.8,BLUE,BLUE,3,BLUE,1
EUW1_6941113360,37.0167,BLUE,RED,5,BLUE,0
EUW1_6941114111,45.85,RED,RED,7,RED,0
EUW1_6941115333,33.3167,BLUE,RED,5,BLUE,0
EUW1_6941121494,31.9667,RED,RED,4,RED,0
EUW1_6941123217,29.55,BLUE,RED,4,BLUE,0
EUW1_6941126224,28.1833,BLUE,BLUE,4,BLUE,0
EUW1_6941126403,26.9,BLUE,RED,4,BLUE,0
EUW1_6941128520,20.6167,BLUE,BLUE,2,None,0
EUW1_6941132310,25.65,RED,RED,4,RED,0
EUW1_6941135916,26.6333,RED,RED,3,RED,0
EUW1_6941139612,28.4833,RED,RED,4,RED,0
EUW1_6941149685,30.7167,BLUE,BLUE,5,BLUE,0
EUW1_6941164996,28.9667,BLUE,BLUE,4,BLUE,0
EUW1_6941174407,43.7167,BLUE,BLUE,6,BLUE,0
EUW1_6941179714,31.4333,RED,RED,5,RED,0
EUW1_6941188556,25.65,RED,BLUE,4,RED,1
EUW1_6941190853,22.55,BLUE,BLUE,3,None,1
EUW1_6941192279,1.75,RED,None,0,None,0
EUW1_6941192536,27.6167,BLUE,RED,4,BLUE,0
EUW1_6941193821,33.55,RED,BLUE,4,BLUE,0
EUW1_6941195714,37.1333,RED,RED,5,RED,0
EUW1_6941196683,33.5667,RED,BLUE,5,RED,0
EUW1_6941197034,18.0333,BLUE,BLUE,2,None,1
EUW1_6941200283,33.9167,RED,RED,4,RED,0
EUW1_6941212356,26.1667,RED,RED,3,RED,0
EUW1_6941223929,18.4333,BLUE,BLUE,2,None,1
EUW1_6941231698,28.5167,BLUE,RED,2,BLUE,0
EUW1_6941234291,16.0833,BLUE,BLUE,1,None,1
EUW1_6941234433,33.0333,RED,RED,5,RED,0
EUW1_6941249153,27.6167,RED,BLUE,3,None,1
EUW1_6941249766,31.75,BLUE,BLUE,4,BLUE,0
EUW1_6941251673,36,RED,RED,6,BLUE,0
EUW1_6941259790,37.5167,BLUE,BLUE,5,BLUE,0
EUW1_6941261695,30.1333,BLUE,BLUE,4,None,0
EUW1_6941261960,34.9833,BLUE,BLUE,4,BLUE,0
EUW1_6941265002,28.1833,RED,BLUE,3,RED,0
EUW1_6941265712,23.7167,RED,RED,2,RED,1
EUW1_6941266370,24.0333,BLUE,RED,3,BLUE,0
EUW1_6941266677,25.3833,BLUE,BLUE,4,None,0
EUW1_6941267706,20.7667,BLUE,BLUE,3,None,1
EUW1_6941267948,36.7,BLUE,BLUE,6,BLUE,0
EUW1_6941269978,28.6667,RED,BLUE,4,RED,1
EUW1_6941271850,38.2167,RED,BLUE,4,BLUE,0
EUW1_6941273237,40.15,RED,RED,4,RED,0
EUW1_6941287543,31.9833,RED,BLUE,5,BLUE,0
EUW1_6941301394,29.6333,BLUE,BLUE,4,BLUE,0
EUW1_6941309167,23.5333,BLUE,BLUE,4,None,0
EUW1_6941311134,25.8833,BLUE,RED,3,BLUE,0
EUW1_6941311535,28.5333,RED,BLUE,3,RED,0
EUW1_6941313085,22.7333,BLUE,BLUE,3,None,1
EUW1_6941315101,30.2,RED,BLUE,5,RED,0
EUW1_6941320139,24.65,RED,BLUE,3,RED,0
EUW1_6941323114,30.8,RED,RED,4,RED,0
EUW1_6941334731,49.4333,BLUE,BLUE,7,BLUE,0
EUW1_6941337083,45.2333,BLUE,RED,6,RED,0
EUW1_6941340232,29.1,RED,BLUE,5,RED,1
EUW1_6941349965,43.5833,RED,BLUE,6,BLUE,0
EUW1_6941355893,22.6833,BLUE,BLUE,2,None,0
EUW1_6941357414,34.2,RED,BLUE,5,RED,1
EUW1_6941367637,15.2833,BLUE,None,0,None,1
EUW1_6941368478,28.6833,RED,RED,4,RED,0
EUW1_6941380641,29.9667,BLUE,BLUE,4,None,0
EUW1_6941386820,25.1667,BLUE,BLUE,3,BLUE,0
EUW1_6941394636,28.6667,BLUE,BLUE,4,BLUE,0
EUW1_6941397896,42.5833,BLUE,RED,7,BLUE,0
EUW1_6941405143,31.2333,RED,RED,3,None,0
EUW1_6941410996,48.45,BLUE,BLUE,7,RED,0
EUW1_6941415454,21.2333,RED,BLUE,3,None,1
EUW1_6941415656,16.1,RED,RED,2,None,1
EUW1_6941416282,28.1833,BLUE,BLUE,4,BLUE,0
EUW1_6941423255,31.2667,RED,RED,3,RED,0
EUW1_6941425523,26.05,RED,BLUE,3,RED,0
EUW1_6941426759,32.55,RED,RED,4,BLUE,0
EUW1_6941429912,39.7167,RED,BLUE,5,BLUE,0
EUW1_6941431214,28.45,RED,RED,4,RED,0
EUW1_6941433124,24.2,BLUE,BLUE,3,None,1
EUW1_6941436812,34.1,RED,BLUE,4,BLUE,0
EUW1_6941446769,33.2,RED,RED,5,RED,0
EUW1_6941458814,42.3167,BLUE,RED,6,BLUE,0
EUW1_6941461038,37.15,BLUE,BLUE,5,BLUE,0
EUW1_6941462423,34.5167,RED,BLUE,5,BLUE,0
EUW1_6941467316,1.83333,RED,None,0,None,0
EUW1_6941469928,32.6,BLUE,RED,4,BLUE,0
EUW1_6941472011,25.6333,BLUE,BLUE,4,None,0
EUW1_6941477976,28.8,RED,RED,4,RED,0
EUW1_6941482263,32.3833,RED,RED,4,None,0
EUW1_6941484737,28.35,BLUE,BLUE,3,BLUE,0
EUW1_6941488582,24.25,BLUE,BLUE,3,None,0
EUW1_6941494384,27.9833,RED,BLUE,4,RED,1
EUW1_6941494604,42.55,RED,RED,6,RED,0
EUW1_6941500987,24.0833,BLUE,BLUE,3,None,0
EUW1_6941504047,19.9333,RED,RED,3,None,1
EUW1_6941504150,32.3833,BLUE,BLUE,5,BLUE,1
EUW1_6941509774,30.1333,RED,RED,4,RED,0
EUW1_6941523765,19.8,BLUE,RED,2,None,0
EUW1_6941527746,37.5167,RED,BLUE,4,RED,0
EUW1_6941529665,22.5667,RED,BLUE,3,None,0
EUW1_6941532725,26.3,RED,BLUE,4,None,0
EUW1_6941533735,20.3167,RED,RED,2,None,0
EUW1_6941536004,28.0667,BLUE,BLUE,3,BLUE,0
EUW1_6941549182,28.1333,RED,BLUE,4,RED,0
EUW1_6941549709,28.6,BLUE,RED,4,BLUE,1
EUW1_6941551461,26.1667,BLUE,RED,4,None,0
EUW1_6941551647,34.2167,RED,RED,4,RED,0
EUW1_6941552734,43.6333,RED,RED,6,BLUE,0
EUW1_6941557769,23.6833,BLUE,BLUE,3,None,1
EUW1_6941560067,29.8833,BLUE,RED,4,BLUE,0
EUW1_6941566938,35.55,RED,BLUE,6,RED,0
EUW1_6941568513,21.6167,RED,RED,3,RED,0
EUW1_6941570353,30.0333,RED,RED,4,RED,1
EUW1_6941572477,29,RED,RED,3,None,0
EUW1_6941586980,35.2667,RED,BLUE,5,RED,0
EUW1_6941590955,23.5833,BLUE,BLUE,3,None,0
EUW1_6941593239,27.0833,RED,RED,4,RED,1
EUW1_6941597306,36.1,RED,RED,5,BLUE,0
EUW1_6941599253,4.38333,RED,None,0,None,1
EUW1_6941601700,27.6333,BLUE,BLUE,3,BLUE,0
EUW1_6941603724,33.65,RED,BLUE,5,BLUE,0
EUW1_6941605354,19.4167,BLUE,BLUE,3,None,1
EUW1_6941606052,25.75,RED,RED,2,None,0
EUW1_6941606930,24.0167,BLUE,BLUE,3,BLUE,0
EUW1_6941612990,28.1,BLUE,BLUE,4,BLUE,0
EUW1_6941613929,24.85,RED,RED,3,RED,0
EUW1_6941614302,1.85,BLUE,None,0,None,0
EUW1_6941615288,25.75,BLUE,RED,3,BLUE,0
EUW1_6941624953,32.0167,BLUE,BLUE,4,BLUE,1
EUW1_6941628351,28.9167,BLUE,RED,4,BLUE,0
EUW1_6941628488,43.1167,BLUE,RED,6,BLUE,0
EUW1_6941637735,26.7333,BLUE,BLUE,4,BLUE,0
EUW1_6941641687,33.2,BLUE,BLUE,4,BLUE,0
EUW1_6941645043,16.1333,BLUE,BLUE,1,None,0
EUW1_6941646284,34.7167,RED,BLUE,5,RED,0
EUW1_6941652066,33.9167,BLUE,BLUE,5,BLUE,0
EUW1_6941653573,26.9333,BLUE,BLUE,3,BLUE,0
EUW1_6941655309,19.6333,RED,RED,2,None,1
EUW1_6941657270,1.75,BLUE,None,0,None,0
EUW1_6941660905,29.1667,RED,RED,4,RED,0
EUW1_6941666498,26.2333,RED,RED,3,RED,0
EUW1_6941670155,32.2,BLUE,BLUE,5,RED,1
EUW1_6941670156,40.6167,RED,BLUE,6,RED,0
EUW1_6941670575,43.7,BLUE,BLUE,6,RED,0
EUW1_6941671454,37.5833,RED,BLUE,5,RED,0
EUW1_6941671675,37.7333,BLUE,BLUE,6,RED,0
EUW1_6941672993,34.0333,BLUE,BLUE,5,BLUE,0
EUW1_6941674329,29.0833,RED,RED,4,RED,1
EUW1_6941688327,22.7833,BLUE,BLUE,3,BLUE,0
EUW1_6941692369,35.5,BLUE,BLUE,6,BLUE,0
EUW1_6941693522,34.15,BLUE,RED,5,RED,0
EUW1_6941701191,34.1833,BLUE,RED,5,RED,0
EUW1_6941703699,27.75,BLUE,RED,4,BLUE,1
EUW1_6941708456,34.7333,BLUE,RED,5,BLUE,0
EUW1_6941714022,33.65,BLUE,RED,5,None,0
EUW1_6941718108,31.8833,BLUE,BLUE,4,BLUE,1
EUW1_6941726135,26.4667,BLUE,BLUE,3,None,1
EUW1_6941730151,15.2167,RED,RED,2,None,1
EUW1_6941740819,36.6833,BLUE,BLUE,6,RED,0
EUW1_6941741559,26.1167,BLUE,BLUE,3,BLUE,0
EUW1_6941756132,23.15,RED,BLUE,2,RED,0
EUW1_6941758330,37.15,BLUE,BLUE,5,BLUE,0
EUW1_6941763616,31.3333,RED,RED,4,RED,0
EUW1_6941771444,27.5833,RED,BLUE,4,RED,0
EUW1_6941774690,36.9667,RED,BLUE,5,RED,0
EUW1_6941775309,25.4833,BLUE,RED,3,None,1
EUW1_6941804977,21.0167,BLUE,BLUE,3,None,1
EUW1_6941805836,49.3667,RED,RED,6,RED,0
EUW1_6941810256,29.4833,RED,RED,3,RED,0
EUW1_6941836791,28.6667,BLUE,BLUE,3,BLUE,0
EUW1_6941842990,19.0667,BLUE,RED,2,None,1
EUW1_6941863166,25.5333,RED,BLUE,3,RED,0
EUW1_6941868049,32.2167,BLUE,RED,5,BLUE,0
EUW1_6941873372,25.7,BLUE,BLUE,3,BLUE,0
EUW1_6941897190,30.5833,RED,BLUE,4,RED,0
EUW1_6941919732,27.5833,BLUE,BLUE,4,BLUE,1
EUW1_6941935339,23.15,BLUE,BLUE,2,BLUE,1
EUW1_6941953013,1.75,RED,None,0,None,0
EUW1_6941955674,34.1667,RED,BLUE,5,BLUE,0
EUW1_6941958394,15.4167,RED,RED,2,None,1
EUW1_6941968412,34.6333,RED,RED,5,RED,0
EUW1_6941969279,27.55,RED,BLUE,3,RED,0
EUW1_6941976468,39.35,BLUE,BLUE,6,RED,0
EUW1_6941987112,27.9167,BLUE,RED,4,BLUE,0
EUW1_6941987172,28.6667,BLUE,RED,3,RED,0
EUW1_6941994020,23.2167,BLUE,BLUE,3,BLUE,0
EUW1_6942002768,41.9833,BLUE,BLUE,6,RED,0
EUW1_6942005661,32.9833,BLUE,RED,4,RED,1
EUW1_6942013901,27.6667,BLUE,BLUE,4,None,1
EUW1_6942015367,34.0333,RED,RED,5,BLUE,1
EUW1_6942022143,28.6833,BLUE,BLUE,4,BLUE,0
EUW1_6942024276,30.45,BLUE,RED,4,RED,0
EUW1_6942033949,29.3333,BLUE,BLUE,4,RED,0
EUW1_6942045085,37.0333,RED,BLUE,6,RED,0
EUW1_6942053276,19.1667,BLUE,RED,3,None,1
EUW1_6942068405,16.1333,RED,RED,2,None,1
EUW1_6942070765,28.5167,RED,RED,3,RED,0
EUW1_6942093754,36.0167,BLUE,RED,5,RED,0
EUW1_6942098848,25.0167,BLUE,BLUE,3,BLUE,0
EUW1_6942098990,31.1833,RED,BLUE,4,RED,0
EUW1_6942101042,26.9167,BLUE,RED,4,BLUE,0
EUW1_6942110886,30.3667,BLUE,BLUE,4,BLUE,0
EUW1_6942111537,25.2,RED,RED,4,RED,0
EUW1_6942123291,29.0833,RED,RED,4,BLUE,0
EUW1_6942130428,22.6167,RED,RED,3,None,0
EUW1_6942144987,28.05,RED,BLUE,4,RED,0
EUW1_6942152181,17.3833,BLUE,RED,1,None,1
EUW1_6942152460,31.2333,RED,RED,4,RED,0
EUW1_6942165702,31.6,RED,BLUE,5,RED,0
EUW1_6942171781,29.25,RED,BLUE,5,BLUE,1
EUW1_6942172049,22.6667,RED,RED,3,None,1
EUW1_6942177973,33.6667,RED,RED,4,RED,0
EUW1_6942190127,32.5333,RED,RED,3,RED,0
EUW1_6942195951,35.9667,RED,BLUE,5,RED,0
EUW1_6942199539,43.45,BLUE,RED,6,RED,0
EUW1_6942203835,33.5,BLUE,RED,4,BLUE,0
EUW1_6942208943,24.6333,RED,RED,3,None,0
EUW1_6942209176,31.5667,RED,RED,4,RED,0
EUW1_6942209298,28.5167,RED,RED,4,RED,1
EUW1_6942213969,1.88333,BLUE,None,0,None,0
EUW1_6942226598,27.1333,BLUE,RED,3,BLUE,1
EUW1_6942228955,1.76667,BLUE,None,0,None,0
EUW1_6942229210,27.15,BLUE,BLUE,3,BLUE,0
EUW1_6942236750,26.5167,RED,BLUE,2,RED,1
EUW1_6942236852,29.8,BLUE,BLUE,3,BLUE,1
EUW1_6942236875,27.5667,RED,RED,4,RED,0
EUW1_6942245980,24.0667,RED,RED,4,None,1
EUW1_6942247381,42.05,BLUE,BLUE,5,BLUE,0
EUW1_6942250564,34,BLUE,RED,5,RED,0
EUW1_6942265761,35.6333,BLUE,RED,4,RED,0
EUW1_6942271180,46.65,BLUE,RED,7,RED,0
EUW1_6942275078,28.4667,RED,BLUE,4,RED,0
EUW1_6942275714,19.9667,BLUE,BLUE,2,None,1
EUW1_6942281047,26.1,BLUE,BLUE,4,None,1
EUW1_6942285286,32.1833,RED,RED,4,BLUE,0
EUW1_6942290223,15.25,BLUE,BLUE,2,None,1
EUW1_6942301424,28.15,RED,RED,4,RED,0
EUW1_6942306723,30.4167,RED,RED,4,RED,1
EUW1_6942307104,19.9833,BLUE,RED,1,None,1
EUW1_6942328881,31.3,RED,RED,3,RED,0
EUW1_6942329098,28.1,BLUE,BLUE,4,BLUE,0
EUW1_6942352344,28.6667,RED,RED,4,None,0
EUW1_6942358075,27.9333,RED,RED,3,None,0
EUW1_6942358767,29.8167,RED,RED,4,RED,0
EUW1_6942359694,38.0167,RED,BLUE,5,RED,0
EUW1_6942372028,28.55,RED,RED,4,None,0
EUW1_6942379381,31.55,BLUE,BLUE,4,BLUE,0
EUW1_6942383444,27.8167,RED,RED,4,RED,0
EUW1_6942391773,44.05,RED,BLUE,6,RED,0
EUW1_6942421427,23.2333,RED,RED,3,RED,0
EUW1_6942430425,32.3,RED,RED,4,BLUE,0
EUW1_6942448343,23.9,RED,BLUE,3,None,0
EUW1_6942452611,39.7,BLUE,RED,5,BLUE,0
EUW1_6942472389,31.8333,RED,RED,3,RED,0
EUW1_6942474593,21.3833,BLUE,BLUE,3,None,1
EUW1_6942480668,42.0167,RED,RED,6,RED,1
EUW1_6942493447,15.2833,BLUE,BLUE,1,None,1
EUW1_6942494368,37.4333,RED,RED,6,BLUE,0
EUW1_6942498236,28.5,BLUE,RED,4,BLUE,0
EUW1_6942514280,21.8167,RED,RED,2,None,0
EUW1_6942534374,25.5167,RED,BLUE,4,None,0
EUW1_6942536158,37.2,RED,BLUE,5,RED,0
EUW1_6942547080,25.2167,BLUE,BLUE,3,BLUE,0
EUW1_6942560986,33.8167,RED,RED,5,BLUE,0
EUW1_6942562382,11.65,BLUE,BLUE,1,None,1
EUW1_6942564516,32.9667,BLUE,BLUE,5,RED,0
EUW1_6942567514,29.3667,RED,RED,4,RED,0
EUW1_6942573462,21.0167,RED,RED,3,RED,1
EUW1_6942577603,26.3333,BLUE,RED,3,BLUE,0
EUW1_6942580574,29,RED,RED,4,RED,0
EUW1_6942588948,49.1167,BLUE,BLUE,7,BLUE,0
EUW1_6942601625,33.0167,BLUE,RED,5,BLUE,0
EUW1_6942608551,25.9167,RED,RED,3,RED,0
EUW1_6942616194,25.75,BLUE,BLUE,4,None,0
EUW1_6942617560,28.3,RED,BLUE,3,RED,0
EUW1_6942618812,34.7,BLUE,BLUE,5,RED,0
EUW1_6942625758,28.8833,BLUE,BLUE,4,RED,0
EUW1_6942639308,26.4,RED,RED,3,RED,0
EUW1_6942659038,39.25,RED,RED,6,BLUE,0
EUW1_6942659349,24.3833,BLUE,RED,3,None,1
EUW1_6942669720,20.55,BLUE,BLUE,2,None,1
EUW1_6942675701,2.21667,RED,None,0,None,0
EUW1_6942681602,22.85,BLUE,BLUE,2,None,0
EUW1_6942683744,44.0667,RED,BLUE,5,RED,0
EUW1_6942698119,34.4167,BLUE,BLUE,5,BLUE,0
EUW1_6942699532,15.4333,BLUE,BLUE,2,None,1
EUW1_6942699813,23.45,RED,RED,3,RED,0
EUW1_6942701479,23.7167,RED,RED,4,RED,1
EUW1_6942717340,37.6167,RED,BLUE,5,RED,0
EUW1_6942720257,22.6833,RED,RED,3,None,0
EUW1_6942734059,40.9167,RED,BLUE,6,BLUE,0
EUW1_6942751438,26.3667,RED,BLUE,4,None,0
EUW1_6942799316,17.0833,BLUE,RED,2,None,1
EUW1_6942805700,15.2833,RED,RED,2,None,1
EUW1_6942812622,30.6833,BLUE,RED,5,BLUE,0
EUW1_6942858946,26.4167,RED,RED,4,RED,0
EUW1_6942877667,21.6333,RED,RED,2,RED,0
EUW1_6942894651,34.3,RED,RED,6,RED,0
EUW1_6942896050,26.6167,RED,BLUE,4,None,0
EUW1_6942929532,26.2,BLUE,RED,4,BLUE,0
EUW1_6942938937,26.8667,BLUE,BLUE,3,None,0
EUW1_6943004105,40.3833,BLUE,BLUE,5,BLUE,0
EUW1_6943018005,38.7333,BLUE,RED,6,RED,0
EUW1_6943052204,36.05,BLUE,BLUE,5,RED,0
EUW1_6943179388,22.35,RED,BLUE,3,None,0
EUW1_6943214863,32.7,RED,BLUE,5,None,1
EUW1_6943223887,15.5167,RED,RED,2,None,1
EUW1_6943232705,42.3167,BLUE,RED,6,BLUE,0
EUW1_6943233889,30.55,BLUE,BLUE,3,BLUE,0
EUW1_6943262082,15.2167,BLUE,BLUE,1,None,1
EUW1_6943279145,37.35,RED,RED,5,BLUE,0
EUW1_6943289151,25.1167,RED,RED,4,None,1
EUW1_6943318146,29.5167,BLUE,BLUE,4,BLUE,0
EUW1_6943329142,33.2833,BLUE,BLUE,4,RED,0
EUW1_6943343463,25.0167,RED,RED,3,RED,0
EUW1_6943363582,25.0333,BLUE,BLUE,3,BLUE,0
EUW1_6943367360,25.9333,RED,BLUE,4,RED,0
EUW1_6943373610,35.0333,BLUE,RED,5,BLUE,0
EUW1_6943378063,24.0833,BLUE,RED,3,BLUE,1
EUW1_6943399754,15.9833,RED,RED,2,None,1
EUW1_6943400671,40.4667,RED,RED,6,RED,0
EUW1_6943423380,31.65,RED,RED,5,RED,0
EUW1_6943427300,32.95,RED,RED,4,RED,0
EUW1_6943466662,29.45,BLUE,RED,3,None,0
EUW1_6943471321,32.15,BLUE,RED,5,BLUE,0
EUW1_6943501027,18.7,BLUE,BLUE,3,None,1
EUW1_6943513809,31.25,BLUE,BLUE,4,BLUE,1
EUW1_6943530387,31.7833,BLUE,RED,4,BLUE,0
EUW1_6943537565,45.2667,RED,BLUE,7,BLUE,0
EUW1_6943588679,34.8833,RED,RED,4,RED,0
EUW1_6943610231,28,BLUE,BLUE,4,BLUE,0
EUW1_6943666165,26.6667,RED,RED,2,None,0
EUW1_6943677567,29.65,RED,RED,4,RED,0
EUW1_6943720978,29.8333,RED,RED,4,None,0
EUW1_6943784947,23.35,RED,RED,2,None,0
EUW1_6943796343,43.3333,RED,RED,6,BLUE,0
EUW1_6943827795,38.4833,RED,RED,6,RED,0
EUW1_6943898700,29.9333,BLUE,RED,3,BLUE,1
EUW1_6944105654,36.1667,RED,BLUE,5,RED,0
EUW1_6944134490,37.1667,RED,RED,5,RED,0
EUW1_6944269169,32.2333,RED,RED,5,RED,0
EUW1_6944334509,20.3333,RED,RED,3,None,1
EUW1_6944366511,24.2333,BLUE,RED,3,BLUE,1
EUW1_6944570585,29.4667,RED,RED,4,None,0
EUW1_6944582234,31.6833,RED,RED,4,RED,0
EUW1_6944614231,34.9833,BLUE,BLUE,5,BLUE,0
EUW1_6944640039,30.6,BLUE,RED,4,BLUE,1
EUW1_6944681649,32.9167,RED,RED,5,BLUE,0
EUW1_6944717542,36.9333,BLUE,RED,5,BLUE,1
EUW1_6944732232,18.7333,BLUE,BLUE,1,None,1
EUW1_6945007703,35.3667,RED,RED,5,RED,0
EUW1_6945087624,23.9667,RED,RED,3,None,0
EUW1_6945130288,34.6833,BLUE,RED,5,BLUE,0
EUW1_6945194062,25.35,RED,RED,3,RED,1
EUW1_6945239646,37.3833,BLUE,RED,5,BLUE,0
EUW1_6945278030,38.9667,RED,RED,6,BLUE,0
EUW1_6945316729,33.4667,RED,RED,5,RED,0
EUW1_6945408901,15.1833,RED,RED,2,None,1
EUW1_6945415578,33.5833,RED,BLUE,5,RED,0
EUW1_6945616640,25.1167,RED,BLUE,3,RED,0
